{
"vid":"3_1T5l6i_rk",
  "dly":12794,
"RECORDS":[
{
"tim":998,
"lat":"43,893677",
"lon":"-96,689285",
"hea":"115"
},
{
"tim":1998,
"lat":"43,893677",
"lon":"-96,689285",
"hea":"115"
},
{
"tim":2999,
"lat":"43,893677",
"lon":"-96,689285",
"hea":"115"
},
{
"tim":3998,
"lat":"43,893677",
"lon":"-96,689285",
"hea":"115"
},
{
"tim":5032,
"lat":"43,893681",
"lon":"-96,689281",
"hea":"109"
},
{
"tim":5999,
"lat":"43,893681",
"lon":"-96,689281",
"hea":"110"
},
{
"tim":6999,
"lat":"43,893682",
"lon":"-96,689281",
"hea":"111"
},
{
"tim":8018,
"lat":"43,893682",
"lon":"-96,689282",
"hea":"109"
},
{
"tim":8999,
"lat":"43,893682",
"lon":"-96,689284",
"hea":"109"
},
{
"tim":9999,
"lat":"43,893682",
"lon":"-96,689286",
"hea":"110"
},
{
"tim":11017,
"lat":"43,893683",
"lon":"-96,689288",
"hea":"109"
},
{
"tim":12000,
"lat":"43,893683",
"lon":"-96,689287",
"hea":"109"
},
{
"tim":13027,
"lat":"43,893677",
"lon":"-96,689274",
"hea":"110"
},
{
"tim":14025,
"lat":"43,893667",
"lon":"-96,689238",
"hea":"109"
},
{
"tim":15039,
"lat":"43,893658",
"lon":"-96,689202",
"hea":"108"
},
{
"tim":16047,
"lat":"43,893654",
"lon":"-96,689183",
"hea":"107"
},
{
"tim":17031,
"lat":"43,893643",
"lon":"-96,689122",
"hea":"106"
},
{
"tim":18040,
"lat":"43,893638",
"lon":"-96,689084",
"hea":"106"
},
{
"tim":19040,
"lat":"43,893634",
"lon":"-96,689049",
"hea":"105"
},
{
"tim":20039,
"lat":"43,893631",
"lon":"-96,689019",
"hea":"105"
},
{
"tim":21049,
"lat":"43,893628",
"lon":"-96,688991",
"hea":"105"
},
{
"tim":22124,
"lat":"43,893626",
"lon":"-96,688973",
"hea":"105"
},
{
"tim":23036,
"lat":"43,893622",
"lon":"-96,688947",
"hea":"106"
},
{
"tim":24042,
"lat":"43,89362",
"lon":"-96,688938",
"hea":"106"
},
{
"tim":25037,
"lat":"43,893615",
"lon":"-96,688922",
"hea":"105"
},
{
"tim":26051,
"lat":"43,893611",
"lon":"-96,688911",
"hea":"106"
},
{
"tim":27036,
"lat":"43,893609",
"lon":"-96,688908",
"hea":"106"
},
{
"tim":28011,
"lat":"43,893607",
"lon":"-96,688908",
"hea":"106"
},
{
"tim":29026,
"lat":"43,893605",
"lon":"-96,68891",
"hea":"106"
},
{
"tim":30014,
"lat":"43,893604",
"lon":"-96,688914",
"hea":"106"
},
{
"tim":31030,
"lat":"43,893603",
"lon":"-96,688917",
"hea":"106"
},
{
"tim":32013,
"lat":"43,893603",
"lon":"-96,68892",
"hea":"106"
},
{
"tim":33013,
"lat":"43,893603",
"lon":"-96,688921",
"hea":"106"
},
{
"tim":34014,
"lat":"43,893603",
"lon":"-96,688922",
"hea":"105"
},
{
"tim":35047,
"lat":"43,893604",
"lon":"-96,688923",
"hea":"105"
},
{
"tim":36030,
"lat":"43,893604",
"lon":"-96,688922",
"hea":"106"
},
{
"tim":37015,
"lat":"43,893604",
"lon":"-96,688921",
"hea":"107"
},
{
"tim":38015,
"lat":"43,893604",
"lon":"-96,688919",
"hea":"101"
},
{
"tim":39015,
"lat":"43,893605",
"lon":"-96,688919",
"hea":"59"
},
{
"tim":40042,
"lat":"43,893605",
"lon":"-96,688915",
"hea":"25"
},
{
"tim":41044,
"lat":"43,893608",
"lon":"-96,688897",
"hea":"1"
},
{
"tim":42043,
"lat":"43,893612",
"lon":"-96,688888",
"hea":"-6"
},
{
"tim":43034,
"lat":"43,893615",
"lon":"-96,688886",
"hea":"-10"
},
{
"tim":44036,
"lat":"43,893618",
"lon":"-96,688891",
"hea":"-9"
},
{
"tim":45053,
"lat":"43,893626",
"lon":"-96,688907",
"hea":"-17"
},
{
"tim":46058,
"lat":"43,893643",
"lon":"-96,68893",
"hea":"-24"
},
{
"tim":47057,
"lat":"43,893696",
"lon":"-96,688977",
"hea":"-28"
},
{
"tim":48054,
"lat":"43,893761",
"lon":"-96,689014",
"hea":"-27"
},
{
"tim":49043,
"lat":"43,893842",
"lon":"-96,689052",
"hea":"-24"
},
{
"tim":50046,
"lat":"43,893939",
"lon":"-96,68909",
"hea":"-21"
},
{
"tim":51055,
"lat":"43,89399",
"lon":"-96,68911",
"hea":"-19"
},
{
"tim":52064,
"lat":"43,894154",
"lon":"-96,68917",
"hea":"-18"
},
{
"tim":53061,
"lat":"43,894264",
"lon":"-96,689208",
"hea":"-16"
},
{
"tim":54054,
"lat":"43,894375",
"lon":"-96,689247",
"hea":"-16"
},
{
"tim":55072,
"lat":"43,894485",
"lon":"-96,689286",
"hea":"-16"
},
{
"tim":56053,
"lat":"43,894512",
"lon":"-96,689296",
"hea":"-16"
},
{
"tim":57025,
"lat":"43,894512",
"lon":"-96,689296",
"hea":"-16"
},
{
"tim":58062,
"lat":"43,894783",
"lon":"-96,689398",
"hea":"-16"
},
{
"tim":59058,
"lat":"43,894837",
"lon":"-96,689419",
"hea":"-16"
},
{
"tim":60066,
"lat":"43,895026",
"lon":"-96,689496",
"hea":"-16"
},
{
"tim":61063,
"lat":"43,895133",
"lon":"-96,68954",
"hea":"-16"
},
{
"tim":62029,
"lat":"43,895133",
"lon":"-96,68954",
"hea":"-16"
},
{
"tim":63064,
"lat":"43,895295",
"lon":"-96,689609",
"hea":"-16"
},
{
"tim":64065,
"lat":"43,895456",
"lon":"-96,689677",
"hea":"-16"
},
{
"tim":65059,
"lat":"43,895563",
"lon":"-96,689722",
"hea":"-17"
},
{
"tim":66059,
"lat":"43,895589",
"lon":"-96,689734",
"hea":"-17"
},
{
"tim":67071,
"lat":"43,895723",
"lon":"-96,689791",
"hea":"-17"
},
{
"tim":68059,
"lat":"43,895858",
"lon":"-96,689849",
"hea":"-17"
},
{
"tim":69068,
"lat":"43,895992",
"lon":"-96,689908",
"hea":"-17"
},
{
"tim":70061,
"lat":"43,896045",
"lon":"-96,689932",
"hea":"-17"
},
{
"tim":71033,
"lat":"43,896045",
"lon":"-96,689932",
"hea":"-17"
},
{
"tim":72033,
"lat":"43,896045",
"lon":"-96,689932",
"hea":"-17"
},
{
"tim":73032,
"lat":"43,896045",
"lon":"-96,689932",
"hea":"-17"
},
{
"tim":74061,
"lat":"43,896449",
"lon":"-96,690108",
"hea":"-17"
},
{
"tim":75065,
"lat":"43,89661",
"lon":"-96,69018",
"hea":"-17"
},
{
"tim":76135,
"lat":"43,896718",
"lon":"-96,690229",
"hea":"-17"
},
{
"tim":77072,
"lat":"43,896879",
"lon":"-96,690302",
"hea":"-17"
},
{
"tim":78067,
"lat":"43,89696",
"lon":"-96,690339",
"hea":"-17"
},
{
"tim":79071,
"lat":"43,897069",
"lon":"-96,690389",
"hea":"-17"
},
{
"tim":80064,
"lat":"43,89715",
"lon":"-96,690426",
"hea":"-17"
},
{
"tim":81069,
"lat":"43,897285",
"lon":"-96,690488",
"hea":"-17"
},
{
"tim":82080,
"lat":"43,897394",
"lon":"-96,690537",
"hea":"-17"
},
{
"tim":83078,
"lat":"43,897503",
"lon":"-96,690586",
"hea":"-17"
},
{
"tim":84083,
"lat":"43,897614",
"lon":"-96,690634",
"hea":"-18"
},
{
"tim":85075,
"lat":"43,897724",
"lon":"-96,690683",
"hea":"-18"
},
{
"tim":86075,
"lat":"43,897807",
"lon":"-96,690719",
"hea":"-17"
},
{
"tim":87069,
"lat":"43,897945",
"lon":"-96,69078",
"hea":"-17"
},
{
"tim":88073,
"lat":"43,898055",
"lon":"-96,690828",
"hea":"-18"
},
{
"tim":89125,
"lat":"43,898166",
"lon":"-96,690877",
"hea":"-18"
},
{
"tim":90079,
"lat":"43,898277",
"lon":"-96,690924",
"hea":"-18"
},
{
"tim":91066,
"lat":"43,898389",
"lon":"-96,690972",
"hea":"-18"
},
{
"tim":92070,
"lat":"43,8985",
"lon":"-96,691019",
"hea":"-18"
},
{
"tim":93039,
"lat":"43,8985",
"lon":"-96,691019",
"hea":"-18"
},
{
"tim":94073,
"lat":"43,898724",
"lon":"-96,691115",
"hea":"-17"
},
{
"tim":95072,
"lat":"43,898864",
"lon":"-96,691176",
"hea":"-17"
},
{
"tim":96074,
"lat":"43,898948",
"lon":"-96,691213",
"hea":"-18"
},
{
"tim":97072,
"lat":"43,899031",
"lon":"-96,69125",
"hea":"-18"
},
{
"tim":98070,
"lat":"43,899116",
"lon":"-96,691286",
"hea":"-18"
},
{
"tim":99068,
"lat":"43,899285",
"lon":"-96,691358",
"hea":"-18"
},
{
"tim":100073,
"lat":"43,899399",
"lon":"-96,691405",
"hea":"-18"
},
{
"tim":101076,
"lat":"43,899427",
"lon":"-96,691417",
"hea":"-18"
},
{
"tim":102079,
"lat":"43,899624",
"lon":"-96,691498",
"hea":"-18"
},
{
"tim":103074,
"lat":"43,899652",
"lon":"-96,69151",
"hea":"-18"
},
{
"tim":104077,
"lat":"43,899764",
"lon":"-96,691557",
"hea":"-18"
},
{
"tim":105043,
"lat":"43,899764",
"lon":"-96,691557",
"hea":"-18"
},
{
"tim":106043,
"lat":"43,899764",
"lon":"-96,691557",
"hea":"-18"
},
{
"tim":107043,
"lat":"43,899764",
"lon":"-96,691557",
"hea":"-18"
},
{
"tim":108044,
"lat":"43,899764",
"lon":"-96,691557",
"hea":"-18"
},
{
"tim":109043,
"lat":"43,899764",
"lon":"-96,691557",
"hea":"-18"
},
{
"tim":110043,
"lat":"43,899764",
"lon":"-96,691557",
"hea":"-18"
},
{
"tim":111044,
"lat":"43,899764",
"lon":"-96,691557",
"hea":"-18"
},
{
"tim":112079,
"lat":"43,900633",
"lon":"-96,69192",
"hea":"-18"
},
{
"tim":113081,
"lat":"43,900689",
"lon":"-96,691944",
"hea":"-18"
},
{
"tim":114071,
"lat":"43,900855",
"lon":"-96,692017",
"hea":"-18"
},
{
"tim":115075,
"lat":"43,900994",
"lon":"-96,692078",
"hea":"-18"
},
{
"tim":116048,
"lat":"43,900994",
"lon":"-96,692078",
"hea":"-18"
},
{
"tim":117096,
"lat":"43,901242",
"lon":"-96,692189",
"hea":"-18"
},
{
"tim":118081,
"lat":"43,901324",
"lon":"-96,692225",
"hea":"-18"
},
{
"tim":119073,
"lat":"43,901433",
"lon":"-96,692272",
"hea":"-18"
},
{
"tim":120047,
"lat":"43,901433",
"lon":"-96,692272",
"hea":"-18"
},
{
"tim":121049,
"lat":"43,901433",
"lon":"-96,692272",
"hea":"-18"
},
{
"tim":122049,
"lat":"43,901433",
"lon":"-96,692272",
"hea":"-18"
},
{
"tim":123050,
"lat":"43,901433",
"lon":"-96,692272",
"hea":"-18"
},
{
"tim":124051,
"lat":"43,901433",
"lon":"-96,692272",
"hea":"-18"
},
{
"tim":125054,
"lat":"43,901433",
"lon":"-96,692272",
"hea":"-18"
},
{
"tim":126051,
"lat":"43,901433",
"lon":"-96,692272",
"hea":"-18"
},
{
"tim":127053,
"lat":"43,901433",
"lon":"-96,692272",
"hea":"-18"
},
{
"tim":128091,
"lat":"43,902497",
"lon":"-96,692729",
"hea":"-18"
},
{
"tim":129053,
"lat":"43,902497",
"lon":"-96,692729",
"hea":"-18"
},
{
"tim":130054,
"lat":"43,902497",
"lon":"-96,692729",
"hea":"-18"
},
{
"tim":131054,
"lat":"43,902497",
"lon":"-96,692729",
"hea":"-18"
},
{
"tim":132090,
"lat":"43,902902",
"lon":"-96,692904",
"hea":"-18"
},
{
"tim":133091,
"lat":"43,902984",
"lon":"-96,692939",
"hea":"-18"
},
{
"tim":134055,
"lat":"43,902984",
"lon":"-96,692939",
"hea":"-18"
},
{
"tim":135055,
"lat":"43,902984",
"lon":"-96,692939",
"hea":"-18"
},
{
"tim":136083,
"lat":"43,903311",
"lon":"-96,693082",
"hea":"-18"
},
{
"tim":137056,
"lat":"43,903311",
"lon":"-96,693082",
"hea":"-18"
},
{
"tim":138057,
"lat":"43,903311",
"lon":"-96,693082",
"hea":"-18"
},
{
"tim":139095,
"lat":"43,903694",
"lon":"-96,693247",
"hea":"-18"
},
{
"tim":140089,
"lat":"43,903748",
"lon":"-96,693271",
"hea":"-18"
},
{
"tim":141058,
"lat":"43,903748",
"lon":"-96,693271",
"hea":"-18"
},
{
"tim":142059,
"lat":"43,903748",
"lon":"-96,693271",
"hea":"-18"
},
{
"tim":143058,
"lat":"43,903748",
"lon":"-96,693271",
"hea":"-18"
},
{
"tim":144058,
"lat":"43,903748",
"lon":"-96,693271",
"hea":"-18"
},
{
"tim":145059,
"lat":"43,903748",
"lon":"-96,693271",
"hea":"-18"
},
{
"tim":146059,
"lat":"43,903748",
"lon":"-96,693271",
"hea":"-18"
},
{
"tim":147059,
"lat":"43,903748",
"lon":"-96,693271",
"hea":"-18"
},
{
"tim":148059,
"lat":"43,903748",
"lon":"-96,693271",
"hea":"-18"
},
{
"tim":149061,
"lat":"43,903748",
"lon":"-96,693271",
"hea":"-18"
},
{
"tim":150088,
"lat":"43,904804",
"lon":"-96,693741",
"hea":"-18"
},
{
"tim":151062,
"lat":"43,904804",
"lon":"-96,693741",
"hea":"-18"
},
{
"tim":152061,
"lat":"43,904804",
"lon":"-96,693741",
"hea":"-18"
},
{
"tim":153061,
"lat":"43,904804",
"lon":"-96,693741",
"hea":"-18"
},
{
"tim":154061,
"lat":"43,904804",
"lon":"-96,693741",
"hea":"-18"
},
{
"tim":155063,
"lat":"43,904804",
"lon":"-96,693741",
"hea":"-18"
},
{
"tim":156063,
"lat":"43,904804",
"lon":"-96,693741",
"hea":"-18"
},
{
"tim":157065,
"lat":"43,904804",
"lon":"-96,693741",
"hea":"-18"
},
{
"tim":158065,
"lat":"43,904804",
"lon":"-96,693741",
"hea":"-18"
},
{
"tim":159094,
"lat":"43,905844",
"lon":"-96,694182",
"hea":"-17"
},
{
"tim":160092,
"lat":"43,905872",
"lon":"-96,694194",
"hea":"-17"
},
{
"tim":161066,
"lat":"43,905872",
"lon":"-96,694194",
"hea":"-17"
},
{
"tim":162067,
"lat":"43,905872",
"lon":"-96,694194",
"hea":"-17"
},
{
"tim":163066,
"lat":"43,905872",
"lon":"-96,694194",
"hea":"-17"
},
{
"tim":164067,
"lat":"43,905872",
"lon":"-96,694194",
"hea":"-17"
},
{
"tim":165066,
"lat":"43,905872",
"lon":"-96,694194",
"hea":"-17"
},
{
"tim":166068,
"lat":"43,905872",
"lon":"-96,694194",
"hea":"-17"
},
{
"tim":167069,
"lat":"43,905872",
"lon":"-96,694194",
"hea":"-17"
},
{
"tim":168068,
"lat":"43,905872",
"lon":"-96,694194",
"hea":"-17"
},
{
"tim":169069,
"lat":"43,905872",
"lon":"-96,694194",
"hea":"-17"
},
{
"tim":170069,
"lat":"43,905872",
"lon":"-96,694194",
"hea":"-17"
},
{
"tim":171069,
"lat":"43,905872",
"lon":"-96,694194",
"hea":"-17"
},
{
"tim":172091,
"lat":"43,907173",
"lon":"-96,694784",
"hea":"-18"
},
{
"tim":173070,
"lat":"43,907173",
"lon":"-96,694784",
"hea":"-18"
},
{
"tim":174097,
"lat":"43,907341",
"lon":"-96,694866",
"hea":"-18"
},
{
"tim":175072,
"lat":"43,907341",
"lon":"-96,694866",
"hea":"-18"
},
{
"tim":176073,
"lat":"43,907341",
"lon":"-96,694866",
"hea":"-18"
},
{
"tim":177101,
"lat":"43,90754",
"lon":"-96,694962",
"hea":"-19"
},
{
"tim":178102,
"lat":"43,907564",
"lon":"-96,694973",
"hea":"-19"
},
{
"tim":179075,
"lat":"43,907564",
"lon":"-96,694973",
"hea":"-19"
},
{
"tim":180099,
"lat":"43,907658",
"lon":"-96,695018",
"hea":"-20"
},
{
"tim":181078,
"lat":"43,907658",
"lon":"-96,695018",
"hea":"-20"
},
{
"tim":182098,
"lat":"43,907704",
"lon":"-96,695042",
"hea":"-21"
},
{
"tim":183112,
"lat":"43,907715",
"lon":"-96,695048",
"hea":"-22"
},
{
"tim":184098,
"lat":"43,907737",
"lon":"-96,695061",
"hea":"28"
},
{
"tim":185109,
"lat":"43,907751",
"lon":"-96,695073",
"hea":"58"
},
{
"tim":186080,
"lat":"43,907751",
"lon":"-96,695073",
"hea":"58"
},
{
"tim":187104,
"lat":"43,907771",
"lon":"-96,695086",
"hea":"49"
},
{
"tim":188080,
"lat":"43,907771",
"lon":"-96,695086",
"hea":"49"
},
{
"tim":189079,
"lat":"43,907771",
"lon":"-96,695086",
"hea":"49"
},
{
"tim":190080,
"lat":"43,907771",
"lon":"-96,695086",
"hea":"49"
},
{
"tim":191080,
"lat":"43,907771",
"lon":"-96,695086",
"hea":"49"
},
{
"tim":192079,
"lat":"43,907771",
"lon":"-96,695086",
"hea":"49"
},
{
"tim":193080,
"lat":"43,907771",
"lon":"-96,695086",
"hea":"49"
},
{
"tim":194081,
"lat":"43,907771",
"lon":"-96,695086",
"hea":"49"
},
{
"tim":195081,
"lat":"43,907771",
"lon":"-96,695086",
"hea":"49"
},
{
"tim":196080,
"lat":"43,907771",
"lon":"-96,695086",
"hea":"49"
},
{
"tim":197082,
"lat":"43,907771",
"lon":"-96,695086",
"hea":"49"
},
{
"tim":198082,
"lat":"43,907771",
"lon":"-96,695086",
"hea":"49"
},
{
"tim":199083,
"lat":"43,907771",
"lon":"-96,695086",
"hea":"49"
},
{
"tim":200081,
"lat":"43,907771",
"lon":"-96,695086",
"hea":"49"
},
{
"tim":201084,
"lat":"43,907771",
"lon":"-96,695086",
"hea":"49"
},
{
"tim":202086,
"lat":"43,907771",
"lon":"-96,695086",
"hea":"49"
},
{
"tim":203085,
"lat":"43,907771",
"lon":"-96,695086",
"hea":"49"
},
{
"tim":204124,
"lat":"43,907616",
"lon":"-96,693787",
"hea":"96"
},
{
"tim":205112,
"lat":"43,907608",
"lon":"-96,693691",
"hea":"97"
},
{
"tim":206101,
"lat":"43,907596",
"lon":"-96,693564",
"hea":"97"
},
{
"tim":207084,
"lat":"43,907596",
"lon":"-96,693564",
"hea":"97"
},
{
"tim":208109,
"lat":"43,907564",
"lon":"-96,693246",
"hea":"99"
},
{
"tim":209087,
"lat":"43,907564",
"lon":"-96,693246",
"hea":"99"
},
{
"tim":210087,
"lat":"43,907564",
"lon":"-96,693246",
"hea":"99"
},
{
"tim":211115,
"lat":"43,907557",
"lon":"-96,693183",
"hea":"99"
},
{
"tim":212087,
"lat":"43,907557",
"lon":"-96,693183",
"hea":"99"
},
{
"tim":213088,
"lat":"43,907557",
"lon":"-96,693183",
"hea":"99"
},
{
"tim":214106,
"lat":"43,90748",
"lon":"-96,692519",
"hea":"101"
},
{
"tim":215088,
"lat":"43,90748",
"lon":"-96,692519",
"hea":"101"
},
{
"tim":216090,
"lat":"43,90748",
"lon":"-96,692519",
"hea":"101"
},
{
"tim":217089,
"lat":"43,90748",
"lon":"-96,692519",
"hea":"101"
},
{
"tim":218089,
"lat":"43,90748",
"lon":"-96,692519",
"hea":"101"
},
{
"tim":219090,
"lat":"43,90748",
"lon":"-96,692519",
"hea":"101"
},
{
"tim":220090,
"lat":"43,90748",
"lon":"-96,692519",
"hea":"101"
},
{
"tim":221090,
"lat":"43,90748",
"lon":"-96,692519",
"hea":"101"
},
{
"tim":222091,
"lat":"43,90748",
"lon":"-96,692519",
"hea":"101"
},
{
"tim":223091,
"lat":"43,90748",
"lon":"-96,692519",
"hea":"101"
},
{
"tim":224117,
"lat":"43,907289",
"lon":"-96,691136",
"hea":"102"
},
{
"tim":225135,
"lat":"43,90728",
"lon":"-96,691068",
"hea":"102"
},
{
"tim":226093,
"lat":"43,90728",
"lon":"-96,691068",
"hea":"102"
},
{
"tim":227094,
"lat":"43,90728",
"lon":"-96,691068",
"hea":"102"
},
{
"tim":228094,
"lat":"43,90728",
"lon":"-96,691068",
"hea":"102"
},
{
"tim":229092,
"lat":"43,90728",
"lon":"-96,691068",
"hea":"102"
},
{
"tim":230093,
"lat":"43,90728",
"lon":"-96,691068",
"hea":"102"
},
{
"tim":231094,
"lat":"43,90728",
"lon":"-96,691068",
"hea":"102"
},
{
"tim":232093,
"lat":"43,90728",
"lon":"-96,691068",
"hea":"102"
},
{
"tim":233095,
"lat":"43,90728",
"lon":"-96,691068",
"hea":"102"
},
{
"tim":234094,
"lat":"43,90728",
"lon":"-96,691068",
"hea":"102"
},
{
"tim":235094,
"lat":"43,90728",
"lon":"-96,691068",
"hea":"102"
},
{
"tim":236095,
"lat":"43,90728",
"lon":"-96,691068",
"hea":"102"
},
{
"tim":237094,
"lat":"43,90728",
"lon":"-96,691068",
"hea":"102"
},
{
"tim":238095,
"lat":"43,90728",
"lon":"-96,691068",
"hea":"102"
},
{
"tim":239094,
"lat":"43,90728",
"lon":"-96,691068",
"hea":"102"
},
{
"tim":240094,
"lat":"43,90728",
"lon":"-96,691068",
"hea":"102"
},
{
"tim":241094,
"lat":"43,90728",
"lon":"-96,691068",
"hea":"102"
},
{
"tim":242095,
"lat":"43,90728",
"lon":"-96,691068",
"hea":"102"
},
{
"tim":243094,
"lat":"43,90728",
"lon":"-96,691068",
"hea":"102"
},
{
"tim":244094,
"lat":"43,90728",
"lon":"-96,691068",
"hea":"102"
},
{
"tim":245095,
"lat":"43,90728",
"lon":"-96,691068",
"hea":"102"
},
{
"tim":246094,
"lat":"43,90728",
"lon":"-96,691068",
"hea":"102"
},
{
"tim":247094,
"lat":"43,90728",
"lon":"-96,691068",
"hea":"102"
},
{
"tim":248097,
"lat":"43,90728",
"lon":"-96,691068",
"hea":"102"
},
{
"tim":249095,
"lat":"43,90728",
"lon":"-96,691068",
"hea":"102"
},
{
"tim":250095,
"lat":"43,90728",
"lon":"-96,691068",
"hea":"102"
},
{
"tim":251096,
"lat":"43,90728",
"lon":"-96,691068",
"hea":"102"
},
{
"tim":252098,
"lat":"43,90728",
"lon":"-96,691068",
"hea":"102"
},
{
"tim":253100,
"lat":"43,90728",
"lon":"-96,691068",
"hea":"102"
},
{
"tim":254097,
"lat":"43,90728",
"lon":"-96,691068",
"hea":"102"
},
{
"tim":255097,
"lat":"43,90728",
"lon":"-96,691068",
"hea":"102"
},
{
"tim":256096,
"lat":"43,90728",
"lon":"-96,691068",
"hea":"102"
},
{
"tim":257127,
"lat":"43,906709",
"lon":"-96,687208",
"hea":"105"
},
{
"tim":258098,
"lat":"43,906709",
"lon":"-96,687208",
"hea":"105"
},
{
"tim":259097,
"lat":"43,906709",
"lon":"-96,687208",
"hea":"105"
},
{
"tim":260098,
"lat":"43,906709",
"lon":"-96,687208",
"hea":"105"
},
{
"tim":261097,
"lat":"43,906709",
"lon":"-96,687208",
"hea":"105"
},
{
"tim":262099,
"lat":"43,906709",
"lon":"-96,687208",
"hea":"105"
},
{
"tim":263100,
"lat":"43,906709",
"lon":"-96,687208",
"hea":"105"
},
{
"tim":264099,
"lat":"43,906709",
"lon":"-96,687208",
"hea":"105"
},
{
"tim":265099,
"lat":"43,906709",
"lon":"-96,687208",
"hea":"105"
},
{
"tim":266100,
"lat":"43,906709",
"lon":"-96,687208",
"hea":"105"
},
{
"tim":267101,
"lat":"43,906709",
"lon":"-96,687208",
"hea":"105"
},
{
"tim":268101,
"lat":"43,906709",
"lon":"-96,687208",
"hea":"105"
},
{
"tim":269102,
"lat":"43,906709",
"lon":"-96,687208",
"hea":"105"
},
{
"tim":270128,
"lat":"43,906601",
"lon":"-96,68657",
"hea":"100"
},
{
"tim":271101,
"lat":"43,906601",
"lon":"-96,68657",
"hea":"100"
},
{
"tim":272102,
"lat":"43,906601",
"lon":"-96,68657",
"hea":"100"
},
{
"tim":273101,
"lat":"43,906601",
"lon":"-96,68657",
"hea":"100"
},
{
"tim":274101,
"lat":"43,906601",
"lon":"-96,68657",
"hea":"100"
},
{
"tim":275102,
"lat":"43,906601",
"lon":"-96,68657",
"hea":"100"
},
{
"tim":276104,
"lat":"43,906601",
"lon":"-96,68657",
"hea":"100"
},
{
"tim":277105,
"lat":"43,906601",
"lon":"-96,68657",
"hea":"100"
},
{
"tim":278104,
"lat":"43,906601",
"lon":"-96,68657",
"hea":"100"
},
{
"tim":279104,
"lat":"43,906601",
"lon":"-96,68657",
"hea":"100"
},
{
"tim":280103,
"lat":"43,906601",
"lon":"-96,68657",
"hea":"100"
},
{
"tim":281106,
"lat":"43,906601",
"lon":"-96,68657",
"hea":"100"
},
{
"tim":424172,
"lat":"43,899294",
"lon":"-96,688911",
"hea":"170"
},
{
"tim":425152,
"lat":"43,899244",
"lon":"-96,688897",
"hea":"169"
},
{
"tim":426158,
"lat":"43,899177",
"lon":"-96,688879",
"hea":"171"
},
{
"tim":427157,
"lat":"43,899092",
"lon":"-96,688856",
"hea":"171"
},
{
"tim":428163,
"lat":"43,899041",
"lon":"-96,688842",
"hea":"170"
},
{
"tim":429168,
"lat":"43,898973",
"lon":"-96,688825",
"hea":"169"
},
{
"tim":430161,
"lat":"43,898923",
"lon":"-96,688813",
"hea":"170"
},
{
"tim":431165,
"lat":"43,89884",
"lon":"-96,688794",
"hea":"169"
},
{
"tim":432165,
"lat":"43,898772",
"lon":"-96,688778",
"hea":"170"
},
{
"tim":433157,
"lat":"43,898687",
"lon":"-96,688757",
"hea":"170"
},
{
"tim":434151,
"lat":"43,898638",
"lon":"-96,688742",
"hea":"170"
},
{
"tim":435159,
"lat":"43,898573",
"lon":"-96,68872",
"hea":"170"
},
{
"tim":436164,
"lat":"43,898494",
"lon":"-96,688696",
"hea":"169"
},
{
"tim":437170,
"lat":"43,898463",
"lon":"-96,688687",
"hea":"169"
},
{
"tim":438171,
"lat":"43,898384",
"lon":"-96,688667",
"hea":"170"
},
{
"tim":439161,
"lat":"43,898305",
"lon":"-96,688648",
"hea":"170"
},
{
"tim":440169,
"lat":"43,898256",
"lon":"-96,688636",
"hea":"170"
},
{
"tim":441161,
"lat":"43,89819",
"lon":"-96,688618",
"hea":"169"
},
{
"tim":442167,
"lat":"43,898106",
"lon":"-96,688598",
"hea":"169"
},
{
"tim":443169,
"lat":"43,898058",
"lon":"-96,688586",
"hea":"169"
},
{
"tim":444172,
"lat":"43,897994",
"lon":"-96,688569",
"hea":"169"
},
{
"tim":445162,
"lat":"43,897917",
"lon":"-96,688548",
"hea":"169"
},
{
"tim":446173,
"lat":"43,897872",
"lon":"-96,688535",
"hea":"169"
},
{
"tim":447166,
"lat":"43,897814",
"lon":"-96,688519",
"hea":"169"
},
{
"tim":448162,
"lat":"43,897743",
"lon":"-96,6885",
"hea":"170"
},
{
"tim":449167,
"lat":"43,8977",
"lon":"-96,688488",
"hea":"169"
},
{
"tim":450163,
"lat":"43,897643",
"lon":"-96,688474",
"hea":"170"
},
{
"tim":451164,
"lat":"43,897572",
"lon":"-96,688456",
"hea":"170"
},
{
"tim":452162,
"lat":"43,897529",
"lon":"-96,688445",
"hea":"170"
},
{
"tim":453171,
"lat":"43,897486",
"lon":"-96,688434",
"hea":"170"
},
{
"tim":454164,
"lat":"43,897402",
"lon":"-96,688413",
"hea":"170"
},
{
"tim":455177,
"lat":"43,89736",
"lon":"-96,688402",
"hea":"170"
},
{
"tim":456161,
"lat":"43,897332",
"lon":"-96,688396",
"hea":"170"
},
{
"tim":457167,
"lat":"43,897235",
"lon":"-96,688371",
"hea":"170"
},
{
"tim":458167,
"lat":"43,897193",
"lon":"-96,68836",
"hea":"170"
},
{
"tim":459165,
"lat":"43,897137",
"lon":"-96,688345",
"hea":"170"
},
{
"tim":460167,
"lat":"43,897069",
"lon":"-96,688326",
"hea":"170"
},
{
"tim":461180,
"lat":"43,897028",
"lon":"-96,688315",
"hea":"170"
},
{
"tim":462166,
"lat":"43,896986",
"lon":"-96,688304",
"hea":"170"
},
{
"tim":463175,
"lat":"43,896905",
"lon":"-96,688281",
"hea":"171"
},
{
"tim":464178,
"lat":"43,89685",
"lon":"-96,688266",
"hea":"170"
},
{
"tim":465174,
"lat":"43,896807",
"lon":"-96,688255",
"hea":"170"
},
{
"tim":466170,
"lat":"43,896735",
"lon":"-96,688237",
"hea":"171"
},
{
"tim":467179,
"lat":"43,896691",
"lon":"-96,688225",
"hea":"171"
},
{
"tim":468171,
"lat":"43,896635",
"lon":"-96,688211",
"hea":"170"
},
{
"tim":469172,
"lat":"43,89658",
"lon":"-96,688199",
"hea":"171"
},
{
"tim":470170,
"lat":"43,896526",
"lon":"-96,688187",
"hea":"171"
},
{
"tim":471176,
"lat":"43,896474",
"lon":"-96,688175",
"hea":"171"
},
{
"tim":472172,
"lat":"43,896409",
"lon":"-96,688159",
"hea":"171"
},
{
"tim":473183,
"lat":"43,896358",
"lon":"-96,688145",
"hea":"171"
},
{
"tim":474162,
"lat":"43,896332",
"lon":"-96,688139",
"hea":"171"
},
{
"tim":475170,
"lat":"43,896255",
"lon":"-96,688118",
"hea":"171"
},
{
"tim":476168,
"lat":"43,896217",
"lon":"-96,688108",
"hea":"171"
},
{
"tim":477174,
"lat":"43,896166",
"lon":"-96,688095",
"hea":"171"
},
{
"tim":478182,
"lat":"43,896102",
"lon":"-96,688078",
"hea":"171"
},
{
"tim":479233,
"lat":"43,896063",
"lon":"-96,688068",
"hea":"170"
},
{
"tim":480177,
"lat":"43,896011",
"lon":"-96,688055",
"hea":"171"
},
{
"tim":481172,
"lat":"43,895946",
"lon":"-96,68804",
"hea":"171"
},
{
"tim":482174,
"lat":"43,895895",
"lon":"-96,688027",
"hea":"171"
},
{
"tim":483173,
"lat":"43,895857",
"lon":"-96,688018",
"hea":"171"
},
{
"tim":484169,
"lat":"43,895793",
"lon":"-96,688001",
"hea":"171"
},
{
"tim":485163,
"lat":"43,895743",
"lon":"-96,687987",
"hea":"171"
},
{
"tim":486175,
"lat":"43,895706",
"lon":"-96,687977",
"hea":"171"
},
{
"tim":487178,
"lat":"43,895643",
"lon":"-96,687963",
"hea":"171"
},
{
"tim":488179,
"lat":"43,895593",
"lon":"-96,687951",
"hea":"171"
},
{
"tim":489183,
"lat":"43,895554",
"lon":"-96,687942",
"hea":"171"
},
{
"tim":490179,
"lat":"43,895489",
"lon":"-96,687928",
"hea":"171"
},
{
"tim":491182,
"lat":"43,895438",
"lon":"-96,687917",
"hea":"172"
},
{
"tim":492175,
"lat":"43,895413",
"lon":"-96,687911",
"hea":"172"
},
{
"tim":493179,
"lat":"43,895337",
"lon":"-96,687892",
"hea":"171"
},
{
"tim":494170,
"lat":"43,895288",
"lon":"-96,687881",
"hea":"170"
},
{
"tim":495175,
"lat":"43,895253",
"lon":"-96,687873",
"hea":"170"
},
{
"tim":496176,
"lat":"43,895195",
"lon":"-96,687859",
"hea":"170"
},
{
"tim":497170,
"lat":"43,895184",
"lon":"-96,687857",
"hea":"170"
},
{
"tim":498169,
"lat":"43,895118",
"lon":"-96,687839",
"hea":"170"
},
{
"tim":499177,
"lat":"43,895065",
"lon":"-96,687826",
"hea":"170"
},
{
"tim":500191,
"lat":"43,895026",
"lon":"-96,687817",
"hea":"169"
},
{
"tim":501176,
"lat":"43,894998",
"lon":"-96,68781",
"hea":"169"
},
{
"tim":502168,
"lat":"43,894954",
"lon":"-96,6878",
"hea":"169"
},
{
"tim":503184,
"lat":"43,894921",
"lon":"-96,687792",
"hea":"168"
},
{
"tim":504165,
"lat":"43,894899",
"lon":"-96,687787",
"hea":"167"
},
{
"tim":505184,
"lat":"43,894862",
"lon":"-96,687777",
"hea":"166"
},
{
"tim":506178,
"lat":"43,894834",
"lon":"-96,687771",
"hea":"167"
},
{
"tim":507170,
"lat":"43,894813",
"lon":"-96,687764",
"hea":"166"
},
{
"tim":508174,
"lat":"43,894782",
"lon":"-96,687756",
"hea":"165"
},
{
"tim":509179,
"lat":"43,89477",
"lon":"-96,687754",
"hea":"165"
},
{
"tim":510179,
"lat":"43,894742",
"lon":"-96,687748",
"hea":"165"
},
{
"tim":511159,
"lat":"43,894717",
"lon":"-96,687743",
"hea":"166"
},
{
"tim":512190,
"lat":"43,8947",
"lon":"-96,687738",
"hea":"169"
},
{
"tim":513171,
"lat":"43,89469",
"lon":"-96,687735",
"hea":"172"
},
{
"tim":514183,
"lat":"43,894681",
"lon":"-96,687731",
"hea":"179"
},
{
"tim":515169,
"lat":"43,894674",
"lon":"-96,687728",
"hea":"177"
},
{
"tim":516178,
"lat":"43,894659",
"lon":"-96,687727",
"hea":"177"
},
{
"tim":517169,
"lat":"43,894616",
"lon":"-96,687727",
"hea":"176"
},
{
"tim":518166,
"lat":"43,894569",
"lon":"-96,687728",
"hea":"176"
},
{
"tim":519163,
"lat":"43,89453",
"lon":"-96,687727",
"hea":"176"
},
{
"tim":520186,
"lat":"43,894461",
"lon":"-96,687725",
"hea":"176"
},
{
"tim":521168,
"lat":"43,894404",
"lon":"-96,687721",
"hea":"175"
},
{
"tim":522165,
"lat":"43,894363",
"lon":"-96,687718",
"hea":"175"
},
{
"tim":523188,
"lat":"43,894296",
"lon":"-96,687711",
"hea":"175"
},
{
"tim":524188,
"lat":"43,894244",
"lon":"-96,687706",
"hea":"175"
},
{
"tim":525164,
"lat":"43,894206",
"lon":"-96,687703",
"hea":"175"
},
{
"tim":526185,
"lat":"43,894146",
"lon":"-96,687697",
"hea":"175"
},
{
"tim":527177,
"lat":"43,894099",
"lon":"-96,687693",
"hea":"176"
},
{
"tim":528168,
"lat":"43,894066",
"lon":"-96,68769",
"hea":"176"
},
{
"tim":529188,
"lat":"43,894013",
"lon":"-96,687686",
"hea":"177"
},
{
"tim":530173,
"lat":"43,893992",
"lon":"-96,687685",
"hea":"177"
},
{
"tim":531171,
"lat":"43,893941",
"lon":"-96,687683",
"hea":"177"
},
{
"tim":532178,
"lat":"43,893895",
"lon":"-96,687681",
"hea":"178"
},
{
"tim":533183,
"lat":"43,893861",
"lon":"-96,687679",
"hea":"178"
},
{
"tim":534177,
"lat":"43,893838",
"lon":"-96,687678",
"hea":"178"
},
{
"tim":535168,
"lat":"43,893803",
"lon":"-96,687676",
"hea":"178"
},
{
"tim":536181,
"lat":"43,89379",
"lon":"-96,687675",
"hea":"178"
},
{
"tim":537185,
"lat":"43,893771",
"lon":"-96,687675",
"hea":"178"
},
{
"tim":538177,
"lat":"43,893733",
"lon":"-96,687673",
"hea":"177"
},
{
"tim":539180,
"lat":"43,893705",
"lon":"-96,687672",
"hea":"177"
},
{
"tim":540194,
"lat":"43,89369",
"lon":"-96,687671",
"hea":"178"
},
{
"tim":541170,
"lat":"43,89367",
"lon":"-96,687669",
"hea":"177"
},
{
"tim":542181,
"lat":"43,893647",
"lon":"-96,687666",
"hea":"177"
},
{
"tim":543178,
"lat":"43,893635",
"lon":"-96,687665",
"hea":"177"
},
{
"tim":544179,
"lat":"43,893616",
"lon":"-96,687665",
"hea":"177"
},
{
"tim":545172,
"lat":"43,893603",
"lon":"-96,687666",
"hea":"-167"
},
{
"tim":546179,
"lat":"43,893595",
"lon":"-96,687667",
"hea":"-137"
},
{
"tim":547275,
"lat":"43,89359",
"lon":"-96,687677",
"hea":"-109"
},
{
"tim":548199,
"lat":"43,893592",
"lon":"-96,687685",
"hea":"-98"
},
{
"tim":549188,
"lat":"43,893593",
"lon":"-96,687687",
"hea":"-92"
},
{
"tim":550163,
"lat":"43,893594",
"lon":"-96,687688",
"hea":"-88"
},
{
"tim":551179,
"lat":"43,893594",
"lon":"-96,687706",
"hea":"-90"
},
{
"tim":552178,
"lat":"43,893594",
"lon":"-96,687734",
"hea":"-89"
},
{
"tim":553187,
"lat":"43,893596",
"lon":"-96,687806",
"hea":"-90"
},
{
"tim":554177,
"lat":"43,893598",
"lon":"-96,68788",
"hea":"-91"
},
{
"tim":555189,
"lat":"43,8936",
"lon":"-96,687943",
"hea":"-90"
},
{
"tim":556192,
"lat":"43,893604",
"lon":"-96,68805",
"hea":"-90"
},
{
"tim":557201,
"lat":"43,893607",
"lon":"-96,688136",
"hea":"-90"
},
{
"tim":558182,
"lat":"43,893608",
"lon":"-96,688178",
"hea":"-90"
},
{
"tim":559198,
"lat":"43,89361",
"lon":"-96,68828",
"hea":"-90"
},
{
"tim":560184,
"lat":"43,893611",
"lon":"-96,688377",
"hea":"-89"
},
{
"tim":561175,
"lat":"43,89361",
"lon":"-96,688433",
"hea":"-89"
},
{
"tim":562189,
"lat":"43,89361",
"lon":"-96,688524",
"hea":"-90"
},
{
"tim":563186,
"lat":"43,893609",
"lon":"-96,688593",
"hea":"-90"
},
{
"tim":564182,
"lat":"43,893608",
"lon":"-96,688642",
"hea":"-91"
},
{
"tim":565190,
"lat":"43,893607",
"lon":"-96,688703",
"hea":"-91"
},
{
"tim":566187,
"lat":"43,893606",
"lon":"-96,688772",
"hea":"-91"
},
{
"tim":567193,
"lat":"43,893606",
"lon":"-96,688808",
"hea":"-91"
},
{
"tim":568181,
"lat":"43,893605",
"lon":"-96,688854",
"hea":"-91"
},
{
"tim":569186,
"lat":"43,893604",
"lon":"-96,688908",
"hea":"-91"
},
{
"tim":570178,
"lat":"43,893604",
"lon":"-96,688947",
"hea":"-92"
},
{
"tim":571179,
"lat":"43,893603",
"lon":"-96,688974",
"hea":"-92"
},
{
"tim":572200,
"lat":"43,893601",
"lon":"-96,689012",
"hea":"-92"
},
{
"tim":573189,
"lat":"43,893601",
"lon":"-96,689039",
"hea":"-93"
},
{
"tim":574186,
"lat":"43,8936",
"lon":"-96,689056",
"hea":"-92"
},
{
"tim":575186,
"lat":"43,8936",
"lon":"-96,689078",
"hea":"-91"
},
{
"tim":576183,
"lat":"43,8936",
"lon":"-96,689085",
"hea":"-91"
},
{
"tim":577171,
"lat":"43,8936",
"lon":"-96,68909",
"hea":"-90"
},
{
"tim":578203,
"lat":"43,893603",
"lon":"-96,689091",
"hea":"-91"
},
{
"tim":579192,
"lat":"43,893608",
"lon":"-96,68909",
"hea":"-91"
},
{
"tim":580195,
"lat":"43,893616",
"lon":"-96,689088",
"hea":"-91"
},
{
"tim":581199,
"lat":"43,893627",
"lon":"-96,689085",
"hea":"-90"
},
{
"tim":582173,
"lat":"43,893627",
"lon":"-96,689085",
"hea":"-90"
},
{
"tim":583173,
"lat":"43,893625",
"lon":"-96,689086",
"hea":"-91"
},
{
"tim":584200,
"lat":"43,893624",
"lon":"-96,689096",
"hea":"-92"
},
{
"tim":585188,
"lat":"43,893623",
"lon":"-96,68911",
"hea":"-93"
},
{
"tim":586194,
"lat":"43,893621",
"lon":"-96,68913",
"hea":"-93"
},
{
"tim":587193,
"lat":"43,89362",
"lon":"-96,689155",
"hea":"-93"
},
{
"tim":588197,
"lat":"43,893619",
"lon":"-96,689178",
"hea":"-93"
},
{
"tim":589195,
"lat":"43,893618",
"lon":"-96,689196",
"hea":"-93"
},
{
"tim":590199,
"lat":"43,893617",
"lon":"-96,689228",
"hea":"-64"
},
{
"tim":591208,
"lat":"43,893619",
"lon":"-96,689249",
"hea":"7"
},
{
"tim":592199,
"lat":"43,893632",
"lon":"-96,689261",
"hea":"63"
},
{
"tim":593204,
"lat":"43,893668",
"lon":"-96,689253",
"hea":"114"
},
{
"tim":594194,
"lat":"43,893684",
"lon":"-96,689235",
"hea":"155"
},
{
"tim":595210,
"lat":"43,893691",
"lon":"-96,689225",
"hea":"151"
},
{
"tim":596211,
"lat":"43,893688",
"lon":"-96,689211",
"hea":"152"
},
{
"tim":597211,
"lat":"43,893681",
"lon":"-96,689204",
"hea":"151"
},
{
"tim":598193,
"lat":"43,893674",
"lon":"-96,689199",
"hea":"153"
},
{
"tim":599207,
"lat":"43,893663",
"lon":"-96,689192",
"hea":"162"
},
{
"tim":600204,
"lat":"43,893649",
"lon":"-96,689188",
"hea":"-165"
},
{
"tim":601200,
"lat":"43,893642",
"lon":"-96,68919",
"hea":"-96"
},
{
"tim":602190,
"lat":"43,893642",
"lon":"-96,689203",
"hea":"-16"
},
{
"tim":603200,
"lat":"43,893655",
"lon":"-96,689213",
"hea":"-34"
},
{
"tim":604194,
"lat":"43,893663",
"lon":"-96,689216",
"hea":"-43"
},
{
"tim":605196,
"lat":"43,893672",
"lon":"-96,689217",
"hea":"-52"
},
{
"tim":606199,
"lat":"43,893677",
"lon":"-96,689218",
"hea":"-70"
},
{
"tim":607208,
"lat":"43,893681",
"lon":"-96,689221",
"hea":"-68"
},
{
"tim":608213,
"lat":"43,893687",
"lon":"-96,68923",
"hea":"-68"
},
{
"tim":609212,
"lat":"43,893691",
"lon":"-96,68924",
"hea":"-67"
},
{
"tim":610199,
"lat":"43,893694",
"lon":"-96,689246",
"hea":"-67"
},
{
"tim":611209,
"lat":"43,8937",
"lon":"-96,689255",
"hea":"-89"
},
{
"tim":612211,
"lat":"43,893702",
"lon":"-96,689263",
"hea":"-90"
},
{
"tim":613200,
"lat":"43,893702",
"lon":"-96,689271",
"hea":"-88"
},
{
"tim":614198,
"lat":"43,893702",
"lon":"-96,689287",
"hea":"-90"
},
{
"tim":615196,
"lat":"43,893703",
"lon":"-96,689293",
"hea":"-90"
},
{
"tim":616184,
"lat":"43,893703",
"lon":"-96,689296",
"hea":"-90"
},
{
"tim":617199,
"lat":"43,893703",
"lon":"-96,6893",
"hea":"-92"
},
{
"tim":618185,
"lat":"43,893703",
"lon":"-96,689301",
"hea":"-92"
},
{
"tim":619185,
"lat":"43,893703",
"lon":"-96,689303",
"hea":"-90"
},
{
"tim":620184,
"lat":"43,893703",
"lon":"-96,689304",
"hea":"-89"
},
{
"tim":621185,
"lat":"43,893703",
"lon":"-96,689304",
"hea":"-89"
},
{
"tim":622185,
"lat":"43,893703",
"lon":"-96,689304",
"hea":"-90"
},
{
"tim":623206,
"lat":"43,893704",
"lon":"-96,689304",
"hea":"-90"
}
]
}
